-- =====================
-- 2. BARANG (20 produk)
-- =====================
INSERT INTO barang (nama_barang, harga, stok) VALUES
('Keripik Singkong Original', 15000, 100),
('Keripik Singkong Pedas', 15000, 80),
('Waffer Coklat', 25000, 60),
('Waffer Vanilla', 25000, 55),
('Kacang Goreng Original', 10000, 120),
('Kacang Goreng Pedas', 10000, 90),
('Kacang Atom', 12000, 75),
('Chitato Sapi Panggang', 20000, 50),
('Chitato Ayam', 20000, 45),
('Biskuit Kelapa', 18000, 65),
('Biskuit Coklat', 18000, 70),
('Makaroni Pedas', 8000, 150),
('Makaroni Original', 8000, 130),
('Stick Keju', 22000, 40),
('Stick Coklat', 22000, 35),
('Potato Chips Original', 30000, 30),
('Potato Chips BBQ', 30000, 25),
('Permen Jahe', 5000, 200),
('Permen Susu', 5000, 180),
('Coklat Kiloan', 50000, 20);

-- =====================
-- 3. TRANSAKSI (50 transaksi)
-- =====================
INSERT INTO transaksi (kasir_id, total, tanggal) VALUES
(2, 45000, '2026-05-01 08:30:00'),
(2, 75000, '2026-05-01 09:15:00'),
(2, 30000, '2026-05-01 10:00:00'),
(2, 55000, '2026-05-02 08:45:00'),
(2, 90000, '2026-05-02 09:30:00'),
(2, 40000, '2026-05-02 11:00:00'),
(2, 60000, '2026-05-03 08:00:00'),
(2, 25000, '2026-05-03 09:00:00'),
(2, 80000, '2026-05-03 10:30:00'),
(2, 35000, '2026-05-04 08:15:00'),
(3, 50000, '2026-05-04 09:00:00'),
(3, 70000, '2026-05-04 10:45:00'),
(3, 45000, '2026-05-05 08:30:00'),
(3, 95000, '2026-05-05 09:15:00'),
(3, 30000, '2026-05-05 11:00:00'),
(3, 65000, '2026-05-06 08:00:00'),
(3, 20000, '2026-05-06 09:30:00'),
(3, 85000, '2026-05-06 10:00:00'),
(2, 40000, '2026-05-07 08:45:00'),
(2, 55000, '2026-05-07 09:15:00'),
(2, 75000, '2026-05-08 08:00:00'),
(2, 30000, '2026-05-08 09:30:00'),
(2, 60000, '2026-05-09 08:15:00'),
(2, 45000, '2026-05-09 10:00:00'),
(3, 90000, '2026-05-10 08:30:00'),
(3, 35000, '2026-05-10 09:45:00'),
(3, 70000, '2026-05-11 08:00:00'),
(3, 50000, '2026-05-11 10:30:00'),
(2, 80000, '2026-05-12 08:15:00'),
(2, 25000, '2026-05-12 09:00:00'),
(2, 65000, '2026-05-13 08:30:00'),
(3, 40000, '2026-05-13 09:15:00'),
(3, 55000, '2026-05-14 08:00:00'),
(2, 75000, '2026-05-14 10:00:00'),
(2, 30000, '2026-05-15 08:45:00'),
(3, 90000, '2026-05-15 09:30:00'),
(2, 45000, '2026-06-01 08:00:00'),
(2, 60000, '2026-06-01 09:15:00'),
(3, 35000, '2026-06-02 08:30:00'),
(3, 80000, '2026-06-02 10:00:00'),
(2, 50000, '2026-06-03 08:15:00'),
(2, 70000, '2026-06-03 09:30:00'),
(3, 25000, '2026-06-04 08:00:00'),
(3, 95000, '2026-06-04 10:45:00'),
(2, 40000, '2026-06-05 08:30:00'),
(2, 65000, '2026-06-05 09:15:00'),
(3, 55000, '2026-06-06 08:00:00'),
(3, 75000, '2026-06-06 10:00:00'),
(2, 30000, '2026-06-07 08:45:00'),
(2, 85000, '2026-06-07 09:30:00');

-- =====================
-- 4. DETAIL TRANSAKSI
-- =====================
INSERT INTO detail_transaksi (transaksi_id, barang_id, qty, subtotal) VALUES
(1, 1, 2, 30000), (1, 6, 1, 10000), (1, 13, 1, 8000),
(2, 3, 1, 25000), (2, 8, 1, 20000), (2, 12, 1, 8000),
(3, 6, 2, 20000), (3, 19, 2, 10000),
(4, 4, 1, 25000), (4, 7, 1, 12000), (4, 13, 1, 8000),
(5, 9, 2, 40000), (5, 11, 1, 18000), (5, 2, 2, 30000),
(6, 1, 1, 15000), (6, 12, 2, 16000),
(7, 5, 2, 20000), (7, 10, 1, 18000), (7, 19, 1, 5000),
(8, 13, 2, 16000), (8, 20, 0, 0),
(9, 16, 1, 30000), (9, 3, 1, 25000), (9, 6, 1, 10000),
(10, 2, 1, 15000), (10, 19, 2, 10000),
(11, 8, 1, 20000), (11, 11, 1, 18000), (11, 13, 1, 8000),
(12, 4, 1, 25000), (12, 9, 1, 20000), (12, 6, 1, 10000),
(13, 1, 2, 30000), (13, 19, 1, 5000),
(14, 16, 1, 30000), (14, 3, 1, 25000), (14, 10, 1, 18000),
(15, 13, 2, 16000), (15, 19, 2, 10000),
(16, 8, 1, 20000), (16, 11, 1, 18000), (16, 12, 1, 18000),
(17, 19, 2, 10000), (17, 13, 1, 8000),
(18, 9, 2, 40000), (18, 11, 1, 18000),
(19, 1, 1, 15000), (19, 6, 1, 10000),
(20, 4, 1, 25000), (20, 13, 2, 16000);

-- =====================
-- 5. RETUR (10 data)
-- =====================
INSERT INTO retur (id_retur, tanggal, nama_barang, jumlah, alasan, status, kasir_id) VALUES
('RT01', '01-05-2026', 'Keripik Singkong Original', 2, 'Produk rusak saat diterima', 'Disetujui', 2),
('RT02', '05-05-2026', 'Waffer Coklat', 1, 'Kemasan penyok', 'Disetujui', 2),
('RT03', '08-05-2026', 'Chitato Sapi Panggang', 3, 'Hampir expired', 'Disetujui', 3),
('RT04', '10-05-2026', 'Kacang Goreng Pedas', 2, 'Rasa tidak sesuai', 'Ditolak', 2),
('RT05', '15-05-2026', 'Biskuit Coklat', 1, 'Kemasan sobek', 'Disetujui', 3),
('RT06', '18-05-2026', 'Makaroni Pedas', 4, 'Produk basi', 'Disetujui', 2),
('RT07', '22-05-2026', 'Stick Keju', 2, 'Salah kirim produk', 'Pending', 3),
('RT08', '25-05-2026', 'Potato Chips Original', 1, 'Kemasan bocor', 'Pending', 2),
('RT09', '01-06-2026', 'Permen Jahe', 5, 'Produk menggumpal', 'Pending', 3),
('RT10', '05-06-2026', 'Coklat Kiloan', 1, 'Produk meleleh', 'Pending', 2);

-- =====================
-- 6. PENGIRIMAN (20 data)
-- =====================
INSERT INTO pengiriman (no_pengiriman, tanggal, nama_penerima, nama_barang, jumlah, status, kasir_id) VALUES
('PG001', '01-05-2026', 'Pak Budi', 'Keripik Singkong Original', 10, 'Sampai', 2),
('PG002', '03-05-2026', 'Bu Sari', 'Waffer Coklat', 5, 'Sampai', 2),
('PG003', '05-05-2026', 'Pak Agus', 'Kacang Goreng Original', 20, 'Sampai', 3),
('PG004', '07-05-2026', 'Bu Dewi', 'Chitato Sapi Panggang', 8, 'Sampai', 2),
('PG005', '09-05-2026', 'Pak Hendra', 'Biskuit Coklat', 15, 'Sampai', 3),
('PG006', '11-05-2026', 'Bu Rina', 'Makaroni Pedas', 25, 'Sampai', 2),
('PG007', '13-05-2026', 'Pak Joko', 'Stick Keju', 6, 'Sampai', 3),
('PG008', '15-05-2026', 'Bu Tini', 'Potato Chips Original', 4, 'Sampai', 2),
('PG009', '17-05-2026', 'Pak Rudi', 'Permen Jahe', 30, 'Sampai', 3),
('PG010', '19-05-2026', 'Bu Ani', 'Coklat Kiloan', 2, 'Sampai', 2),
('PG011', '21-05-2026', 'Pak Wahyu', 'Keripik Singkong Pedas', 12, 'Sampai', 3),
('PG012', '23-05-2026', 'Bu Lina', 'Waffer Vanilla', 7, 'Sampai', 2),
('PG013', '25-05-2026', 'Pak Doni', 'Kacang Atom', 18, 'Sampai', 3),
('PG014', '27-05-2026', 'Bu Wati', 'Biskuit Kelapa', 10, 'Sampai', 2),
('PG015', '29-05-2026', 'Pak Eko', 'Makaroni Original', 22, 'Dikirim', 3),
('PG016', '01-06-2026', 'Bu Yuni', 'Stick Coklat', 5, 'Dikirim', 2),
('PG017', '03-06-2026', 'Pak Fajar', 'Potato Chips BBQ', 3, 'Dikirim', 3),
('PG018', '05-06-2026', 'Bu Mega', 'Permen Susu', 40, 'Diproses', 2),
('PG019', '06-06-2026', 'Pak Surya', 'Kacang Goreng Pedas', 15, 'Diproses', 3),
('PG020', '07-06-2026', 'Bu Fitri', 'Chitato Ayam', 8, 'Diproses', 2);